1,1dfad5043a207e032a78ef50c3cba50488bcd300,2013-01-05 01:20:43 +0000,253,https://storage.googleapis.com/google-code-archive/v2/code.google.com/closure-compiler/issues/issue-253.json
2,d1cfe67977d8f3aaa85ec20c262171da394d5977,2012-12-22 00:16:42 +0000,884,https://storage.googleapis.com/google-code-archive/v2/code.google.com/closure-compiler/issues/issue-884.json
3,d80fcc04239ab8c4cf781273c4f9bc54cf06f479,2012-12-19 19:55:44 +0000,864,https://storage.googleapis.com/google-code-archive/v2/code.google.com/closure-compiler/issues/issue-864.json
4,efefb736fccc2039b5fb079710b3f2ac82b8c6e4,2012-12-14 20:20:30 +0000,873,https://storage.googleapis.com/google-code-archive/v2/code.google.com/closure-compiler/issues/issue-873.json
5,59eec92e364b2ec2cec9dd63449f5c0134983f18,2012-11-20 22:15:38 +0000,851,https://storage.googleapis.com/google-code-archive/v2/code.google.com/closure-compiler/issues/issue-851.json
6,9f7a353385bf0b93cdaeaa56cc5b1450db790127,2012-11-07 19:30:17 +0000,635,https://storage.googleapis.com/google-code-archive/v2/code.google.com/closure-compiler/issues/issue-635.json
7,e736b1c92981fafdc87f3f41f66918305f173734,2012-10-17 15:53:59 +0000,841,https://storage.googleapis.com/google-code-archive/v2/code.google.com/closure-compiler/issues/issue-841.json
8,6300a43566d4adcf8828128267808a8740edc835,2012-09-28 17:52:12 +0000,820,https://storage.googleapis.com/google-code-archive/v2/code.google.com/closure-compiler/issues/issue-820.json
9,e9c15465c000c19ef4e0b8f68a680589ae4111d7,2012-09-27 19:18:58 +0000,824,https://storage.googleapis.com/google-code-archive/v2/code.google.com/closure-compiler/issues/issue-824.json
10,0884a4cbef1c82153ef306477a12af0480385a35,2012-09-21 17:50:43 +0000,821,https://storage.googleapis.com/google-code-archive/v2/code.google.com/closure-compiler/issues/issue-821.json
11,482b767639e6eec7c30d8898851560c41b66d885,2012-09-12 22:16:03 +0000,810,https://storage.googleapis.com/google-code-archive/v2/code.google.com/closure-compiler/issues/issue-810.json
12,d06ac163013a3779fcec7c2f544ba99d08f69f58,2012-08-10 19:39:40 +0000,794,https://storage.googleapis.com/google-code-archive/v2/code.google.com/closure-compiler/issues/issue-794.json
13,d6d733f461ee5ba26e9326c1c7609f1f00d6d2db,2012-08-02 17:53:06 +0000,787,https://storage.googleapis.com/google-code-archive/v2/code.google.com/closure-compiler/issues/issue-787.json
14,4b15b25f400335b6e2820cb690430324748372f9,2012-07-24 21:04:32 +0000,779,https://storage.googleapis.com/google-code-archive/v2/code.google.com/closure-compiler/issues/issue-779.json
15,968b3f467f51c6bfec18af1fbcf980a0f19a1fb3,2012-07-09 21:33:55 +0000,773,https://storage.googleapis.com/google-code-archive/v2/code.google.com/closure-compiler/issues/issue-773.json
16,3b97e5e4212c769daa22a96094ed19b4658c8760,2012-07-09 16:18:36 +0000,772,https://storage.googleapis.com/google-code-archive/v2/code.google.com/closure-compiler/issues/issue-772.json
17,33ab4df84afbdb36216b8a1ea3a526c438615e26,2012-07-09 16:00:23 +0000,688,https://storage.googleapis.com/google-code-archive/v2/code.google.com/closure-compiler/issues/issue-688.json
18,ea119a2d06328852763f9ee447c3bf74fa1f83dc,2012-07-03 04:44:08 +0000,768,https://storage.googleapis.com/google-code-archive/v2/code.google.com/closure-compiler/issues/issue-768.json
19,686146c4de7d2bd985156ae15175365633dd0f94,2012-07-03 04:13:14 +0000,769,https://storage.googleapis.com/google-code-archive/v2/code.google.com/closure-compiler/issues/issue-769.json
20,ebf229b05f4ee71bc05d70830f5dd5683271d661,2012-06-21 22:45:36 +0000,759,https://storage.googleapis.com/google-code-archive/v2/code.google.com/closure-compiler/issues/issue-759.json
21,1787d7b2cff83a0f177dd958033c53e4502406d2,2012-06-20 18:05:43 +0000,753,https://storage.googleapis.com/google-code-archive/v2/code.google.com/closure-compiler/issues/issue-753.json
22,43a55234ef122a1ed98681ce0350506207b878d5,2012-06-19 20:55:55 +0000,753,https://storage.googleapis.com/google-code-archive/v2/code.google.com/closure-compiler/issues/issue-753.json
23,b59cdd9e2dc64d2db86b90982c200a78f2f85e50,2012-06-07 22:48:58 +0000,747,https://storage.googleapis.com/google-code-archive/v2/code.google.com/closure-compiler/issues/issue-747.json
24,70ca6014779735bdc52ca0e80e528257829a15e7,2012-05-24 15:54:23 +0000,737,https://storage.googleapis.com/google-code-archive/v2/code.google.com/closure-compiler/issues/issue-737.json
25,2e904fcdc3bc09e3bff557fcfca383ba7e450095,2012-05-18 23:58:44 +0000,729,https://storage.googleapis.com/google-code-archive/v2/code.google.com/closure-compiler/issues/issue-729.json
26,372eb11e44b8559004bfe78a5b4003caf0072135,2012-05-18 23:57:52 +0000,732,https://storage.googleapis.com/google-code-archive/v2/code.google.com/closure-compiler/issues/issue-732.json
27,7a8983042131c5a9c2b5421ae42075cbb8ef1aeb,2012-05-14 21:03:20 +0000,727,https://storage.googleapis.com/google-code-archive/v2/code.google.com/closure-compiler/issues/issue-727.json
28,59dbb7a28680caad08ddb1658123fe0cbb1ae689,2012-05-14 18:02:20 +0000,728,https://storage.googleapis.com/google-code-archive/v2/code.google.com/closure-compiler/issues/issue-728.json
29,6924915efab89f921fd0779fe200fecc1bf80847,2012-05-11 20:35:50 +0000,724,https://storage.googleapis.com/google-code-archive/v2/code.google.com/closure-compiler/issues/issue-724.json
30,38e2b8f247423734adec3dbd76fa22da1a3561a8,2012-04-16 22:28:43 +0000,698,https://storage.googleapis.com/google-code-archive/v2/code.google.com/closure-compiler/issues/issue-698.json
31,0a670cb51fd56c12c19f98884c9513792ebc3f76,2012-04-09 22:00:50 +0000,703,https://storage.googleapis.com/google-code-archive/v2/code.google.com/closure-compiler/issues/issue-703.json
32,66c8c695fd8130e3ede6f77c6e5cc1ec96a0e9b3,2012-04-05 18:10:13 +0000,701,https://storage.googleapis.com/google-code-archive/v2/code.google.com/closure-compiler/issues/issue-701.json
33,382422adae8e9f07fc23c94089c0ebe08a2174bc,2012-04-02 21:17:00 +0000,700,https://storage.googleapis.com/google-code-archive/v2/code.google.com/closure-compiler/issues/issue-700.json
34,87b154f89cba3c67045cd7a783b79231d0630a4c,2012-03-27 15:38:10 +0000,691,https://storage.googleapis.com/google-code-archive/v2/code.google.com/closure-compiler/issues/issue-691.json
35,22784dc96c391b01692ce686eb93b9aa0ef74ede,2012-03-01 16:46:24 +0000,669,https://storage.googleapis.com/google-code-archive/v2/code.google.com/closure-compiler/issues/issue-669.json
36,be397ee0d0be2aad8f71d12f097b17563866445a,2012-02-29 05:56:20 +0000,668,https://storage.googleapis.com/google-code-archive/v2/code.google.com/closure-compiler/issues/issue-668.json
37,7e93d521cb67ce33018315234fafe8a5aa30ee1e,2012-02-21 17:27:03 +0000,663,https://storage.googleapis.com/google-code-archive/v2/code.google.com/closure-compiler/issues/issue-663.json
38,8cf08115c6b252f8c6b54348a4089dccc45a01fb,2012-02-13 16:07:52 +0000,657,https://storage.googleapis.com/google-code-archive/v2/code.google.com/closure-compiler/issues/issue-657.json
39,d577973fb378dfe0d05991ec0dfa6c1f40e574ee,2012-02-03 21:03:48 +0000,643,https://storage.googleapis.com/google-code-archive/v2/code.google.com/closure-compiler/issues/issue-643.json
40,6ebc0c3d7d4da7d2cf95f53d4ea790e89d3abc7a,2012-02-02 16:47:26 +0000,284,https://storage.googleapis.com/google-code-archive/v2/code.google.com/closure-compiler/issues/issue-284.json
41,00b1517c53912ac6843c257c0a6ead1176e8c5ee,2012-01-23 23:36:43 +0000,368,https://storage.googleapis.com/google-code-archive/v2/code.google.com/closure-compiler/issues/issue-368.json
42,fb01427a445ebfeb3af5e220a98ccaced339b73e,2012-01-21 01:50:22 +0000,644,https://storage.googleapis.com/google-code-archive/v2/code.google.com/closure-compiler/issues/issue-644.json
43,f636f23bdef4b27752ca249a28463ec1b6af1f0b,2012-01-17 16:37:56 +0000,314,https://storage.googleapis.com/google-code-archive/v2/code.google.com/closure-compiler/issues/issue-314.json
44,64bb2291f9a9bbab67d865dffe603f8a0df8ef30,2011-12-12 23:41:22 +0000,620,https://storage.googleapis.com/google-code-archive/v2/code.google.com/closure-compiler/issues/issue-620.json
45,6aa71f116df0102a98c463f471ad8ddd4dba01f8,2011-12-12 17:54:10 +0000,618,https://storage.googleapis.com/google-code-archive/v2/code.google.com/closure-compiler/issues/issue-618.json
46,4a1a31c6a50a0fbe25fa33277909bd51f1deb8e9,2011-11-22 16:52:50 +0000,603,https://storage.googleapis.com/google-code-archive/v2/code.google.com/closure-compiler/issues/issue-603.json
47,aedce35970673f20696d5721acba13e986cc764c,2011-11-14 23:03:35 +0000,575,https://storage.googleapis.com/google-code-archive/v2/code.google.com/closure-compiler/issues/issue-575.json
48,46da17d59abb4f9c48b6ffd31601c212490b970b,2011-11-14 17:12:46 +0000,586,https://storage.googleapis.com/google-code-archive/v2/code.google.com/closure-compiler/issues/issue-586.json
49,1a7ba5cb0111dd3ed9afd9691cab39b3c341e408,2011-11-03 21:10:49 +0000,539,https://storage.googleapis.com/google-code-archive/v2/code.google.com/closure-compiler/issues/issue-539.json
50,c3b630fc9c2a1c4eb7cb718f8d324bfb306cb9df,2011-10-28 19:55:05 +0000,558,https://storage.googleapis.com/google-code-archive/v2/code.google.com/closure-compiler/issues/issue-558.json
51,a02241e5df48e44e23dc0e66dbef3fdc3c91eb3e,2011-10-17 21:07:39 +0000,582,https://storage.googleapis.com/google-code-archive/v2/code.google.com/closure-compiler/issues/issue-582.json
52,5909c3db59b16886917456ab950ef9661a7fe6b1,2011-10-05 01:25:00 +0000,569,https://storage.googleapis.com/google-code-archive/v2/code.google.com/closure-compiler/issues/issue-569.json
53,9959716b01fc5231ae68bc7a24454ce45d341606,2011-09-12 22:37:52 +0000,545,https://storage.googleapis.com/google-code-archive/v2/code.google.com/closure-compiler/issues/issue-545.json
54,7e9b8336568ea7f05c33e1b58eb67fa6d4eee756,2011-09-01 02:30:59 +0000,537,https://storage.googleapis.com/google-code-archive/v2/code.google.com/closure-compiler/issues/issue-537.json
55,f2c0cb1f67ecb3315c0cb11326c9cb04db07ee8a,2011-08-23 22:13:29 +0000,538,https://storage.googleapis.com/google-code-archive/v2/code.google.com/closure-compiler/issues/issue-538.json
56,9e921fa973c603473f745fff76c44620fd7719e3,2011-08-22 22:18:55 +0000,511,https://storage.googleapis.com/google-code-archive/v2/code.google.com/closure-compiler/issues/issue-511.json
57,f759f431d5a7a2261b44440bca9cfab93ae25302,2011-08-15 23:20:43 +0000,530,https://storage.googleapis.com/google-code-archive/v2/code.google.com/closure-compiler/issues/issue-530.json
58,f640b5dec722422c93a9a624cd21d30b5e321858,2011-08-09 18:15:37 +0000,528,https://storage.googleapis.com/google-code-archive/v2/code.google.com/closure-compiler/issues/issue-528.json
59,49b4ef31c850611a5c85d95140b4cedda7f4c59a,2011-07-25 22:32:42 +0000,521,https://storage.googleapis.com/google-code-archive/v2/code.google.com/closure-compiler/issues/issue-521.json
60,fbaadc736f0031dd84bebea33abae497b47158cb,2011-07-07 02:58:25 +0000,504,https://storage.googleapis.com/google-code-archive/v2/code.google.com/closure-compiler/issues/issue-504.json
61,34e4616a924bf272c076039e143e20f1d792731e,2011-06-29 01:34:27 +0000,501,https://storage.googleapis.com/google-code-archive/v2/code.google.com/closure-compiler/issues/issue-501.json
62,b12d1d6489329c989b15635f6f7f06681b3f6582,2011-06-28 17:08:53 +0000,487,https://storage.googleapis.com/google-code-archive/v2/code.google.com/closure-compiler/issues/issue-487.json
63,37b0e1b0b5860e6cd4f48519c1105623778dc44f,2011-06-27 20:47:00 +0000,487,https://storage.googleapis.com/google-code-archive/v2/code.google.com/closure-compiler/issues/issue-487.json
64,de726510af4329fb8eeb8a54b2d93d8d37c87545,2011-06-17 21:36:04 +0000,489,https://storage.googleapis.com/google-code-archive/v2/code.google.com/closure-compiler/issues/issue-489.json
65,48aea0ff7d027507362007415963a4b662fb10a7,2011-06-15 00:09:44 +0000,486,https://storage.googleapis.com/google-code-archive/v2/code.google.com/closure-compiler/issues/issue-486.json
66,59a30b48325cccadabae8687fdf603d72e26c157,2011-06-08 20:18:15 +0000,482,https://storage.googleapis.com/google-code-archive/v2/code.google.com/closure-compiler/issues/issue-482.json
67,aa89d05b48332d68b8e6ebcee427b2ac3b4e3184,2011-06-06 22:36:17 +0000,459,https://storage.googleapis.com/google-code-archive/v2/code.google.com/closure-compiler/issues/issue-459.json
68,9d5a6e3082dd99f6c44df1b3526b9e83b79aa7da,2011-06-03 23:42:43 +0000,477,https://storage.googleapis.com/google-code-archive/v2/code.google.com/closure-compiler/issues/issue-477.json
69,63df133d0850805818d1e280ba47dcefc9763c89,2011-05-31 15:14:56 +0000,440,https://storage.googleapis.com/google-code-archive/v2/code.google.com/closure-compiler/issues/issue-440.json
70,ec4a34c2bd87ba54fa8770affdeeea4f3c42089b,2011-05-20 19:48:47 +0000,433,https://storage.googleapis.com/google-code-archive/v2/code.google.com/closure-compiler/issues/issue-433.json
71,db1fdf97454a6e4ff2d29cab5f1ef2273b54c0b4,2011-05-12 18:49:05 +0000,254,https://storage.googleapis.com/google-code-archive/v2/code.google.com/closure-compiler/issues/issue-254.json
72,e323b879de2e53e5eedf6e7afb0d582382c6248d,2011-05-02 20:12:03 +0000,435,https://storage.googleapis.com/google-code-archive/v2/code.google.com/closure-compiler/issues/issue-435.json
73,ee8344091722c28c9351e78dcb4155fbfddfd1af,2011-04-15 16:10:54 +0000,416,https://storage.googleapis.com/google-code-archive/v2/code.google.com/closure-compiler/issues/issue-416.json
74,03fee32a06ccf8257b2da67b9034270be38805ae,2011-04-08 19:27:37 +0000,413,https://storage.googleapis.com/google-code-archive/v2/code.google.com/closure-compiler/issues/issue-413.json
75,c6cc58a9bc617483366141386e047b085b4e83ff,2011-04-04 17:02:56 +0000,395,https://storage.googleapis.com/google-code-archive/v2/code.google.com/closure-compiler/issues/issue-395.json
76,78b01c3a435cd175ce3ee70f97b2f8faac342cdc,2011-03-18 21:59:28 +0000,384,https://storage.googleapis.com/google-code-archive/v2/code.google.com/closure-compiler/issues/issue-384.json
77,b88400ce0e9c1a0dadfd3417c256b02a82f38fe1,2011-03-18 00:03:17 +0000,383,https://storage.googleapis.com/google-code-archive/v2/code.google.com/closure-compiler/issues/issue-383.json
78,25829b0395164533782d608399096803321225a7,2011-03-17 18:12:32 +0000,381,https://storage.googleapis.com/google-code-archive/v2/code.google.com/closure-compiler/issues/issue-381.json
79,5d397618f3c86d9c444a4c4c6441267b8a89a21d,2011-03-02 23:30:42 +0000,367,https://storage.googleapis.com/google-code-archive/v2/code.google.com/closure-compiler/issues/issue-367.json
80,58786c3f717fa506280127265cd68fedf17de0a9,2011-03-01 18:30:56 +0000,364,https://storage.googleapis.com/google-code-archive/v2/code.google.com/closure-compiler/issues/issue-364.json
81,084b868bc2fbf9d6d0319e5a362ade1d7f43f899,2011-02-17 21:20:42 +0000,251,https://storage.googleapis.com/google-code-archive/v2/code.google.com/closure-compiler/issues/issue-251.json
82,a857aec27d79fc234fddd4a72c1215af0251b2d8,2011-02-08 17:40:11 +0000,301,https://storage.googleapis.com/google-code-archive/v2/code.google.com/closure-compiler/issues/issue-301.json
83,43c245f0ff8d409e81e25687e69d34666b7cf26a,2011-01-18 18:02:32 +0000,319,https://storage.googleapis.com/google-code-archive/v2/code.google.com/closure-compiler/issues/issue-319.json
84,4839e1ea57f9a1a26debd2cc8f22beef7282b490,2011-01-11 19:28:55 +0000,215,https://storage.googleapis.com/google-code-archive/v2/code.google.com/closure-compiler/issues/issue-215.json
85,21a2103d7fa5664ea324ef9ee25b4a8922e50955,2011-01-07 21:09:14 +0000,311,https://storage.googleapis.com/google-code-archive/v2/code.google.com/closure-compiler/issues/issue-311.json
86,0907b6618a60b2de23c8f7ec2217a37dc5e9a091,2010-12-18 00:47:28 +0000,303,https://storage.googleapis.com/google-code-archive/v2/code.google.com/closure-compiler/issues/issue-303.json
87,f64a3f51bd346547ce6e1edb30601df73dff27d9,2010-12-14 23:17:54 +0000,291,https://storage.googleapis.com/google-code-archive/v2/code.google.com/closure-compiler/issues/issue-291.json
88,6a17da87f9e132bdc147b33223826da040c77a6b,2010-12-14 19:51:37 +0000,297,https://storage.googleapis.com/google-code-archive/v2/code.google.com/closure-compiler/issues/issue-297.json
89,4b065734d8afb5ab0d241ee5da22af0fa9d75ec3,2010-12-01 01:36:46 +0000,289,https://storage.googleapis.com/google-code-archive/v2/code.google.com/closure-compiler/issues/issue-289.json
90,c5e143f7df0c3d73f6634488cac8ad8e7054fe05,2010-11-01 16:00:27 +0000,274,https://storage.googleapis.com/google-code-archive/v2/code.google.com/closure-compiler/issues/issue-274.json
91,7eb2d84de101a125d41d3a1157f4eed789ca4a0d,2010-10-22 22:22:01 +0000,248,https://storage.googleapis.com/google-code-archive/v2/code.google.com/closure-compiler/issues/issue-248.json
92,8980b60033b1c6853cbca593ec89d3d332adf7dc,2010-10-15 17:51:45 +0000,261,https://storage.googleapis.com/google-code-archive/v2/code.google.com/closure-compiler/issues/issue-261.json
93,9d1e18e87a41f2a610ed70f3a1d57abbce7a1cd7,2010-10-13 22:48:59 +0000,261,https://storage.googleapis.com/google-code-archive/v2/code.google.com/closure-compiler/issues/issue-261.json
94,7cc748592670105f9d783b1b85f0f27e938db4ff,2010-10-01 23:37:19 +0000,255,https://storage.googleapis.com/google-code-archive/v2/code.google.com/closure-compiler/issues/issue-255.json
95,f6607996d6d3bd6820ce3848d147991b27600a12,2010-09-15 14:50:36 +0000,66,https://storage.googleapis.com/google-code-archive/v2/code.google.com/closure-compiler/issues/issue-66.json
96,807aaf2569e9eb09761068c5aeb95654daea30d9,2010-09-02 16:49:07 +0000,229,https://storage.googleapis.com/google-code-archive/v2/code.google.com/closure-compiler/issues/issue-229.json
97,ee749e286b477f8d6f53ff5960a38453baf50f31,2010-07-19 23:41:45 +0000,200,https://storage.googleapis.com/google-code-archive/v2/code.google.com/closure-compiler/issues/issue-200.json
98,d1df970451b5a18956448097b3afb43f3a82263d,2010-06-10 20:12:38 +0000,174,https://storage.googleapis.com/google-code-archive/v2/code.google.com/closure-compiler/issues/issue-174.json
99,8aa879a4eeb18cfc8d13e6c843a32b7f41ccd516,2010-06-04 18:47:05 +0000,125,https://storage.googleapis.com/google-code-archive/v2/code.google.com/closure-compiler/issues/issue-125.json
100,6d00ac1a68612aade8a19d7ecc9b180f00ae5234,2010-05-28 05:18:30 +0000,144,https://storage.googleapis.com/google-code-archive/v2/code.google.com/closure-compiler/issues/issue-144.json
101,369282db85567f1bf2c9635d0c0043d47f114814,2010-03-24 00:40:59 +0000,130,https://storage.googleapis.com/google-code-archive/v2/code.google.com/closure-compiler/issues/issue-130.json
102,d48c365ba8251057a71a2e2b7aabff640209e31b,2010-02-26 15:11:05 +0000,115,https://storage.googleapis.com/google-code-archive/v2/code.google.com/closure-compiler/issues/issue-115.json
103,2f5cb1622371de540fe20dcbe0411651ec89f952,2010-02-23 01:07:42 +0000,113,https://storage.googleapis.com/google-code-archive/v2/code.google.com/closure-compiler/issues/issue-113.json
104,67289ae4cbaba3ae70cd2e8fb92f3f2898039dfb,2010-02-22 22:55:41 +0000,114,https://storage.googleapis.com/google-code-archive/v2/code.google.com/closure-compiler/issues/issue-114.json
105,113a08f59e8116fb11a7d4ceb11d5bb09b74ac3c,2010-02-09 21:33:10 +0000,106,https://storage.googleapis.com/google-code-archive/v2/code.google.com/closure-compiler/issues/issue-106.json
106,e609670bb56e0c7216c9476a5f6a5594e7f1acdb,2009-11-12 20:02:06 +0000,19,https://storage.googleapis.com/google-code-archive/v2/code.google.com/closure-compiler/issues/issue-19.json
107,49e9565febba904484396e2aef7dbe86f55e9cc5,2013-11-25 21:36:40 -0500,1135,https://storage.googleapis.com/google-code-archive/v2/code.google.com/closure-compiler/issues/issue-1135.json
108,aae547f4d911dfbf42ca5a31aeb401ac83725a14,2013-11-25 21:36:03 -0500,1144,https://storage.googleapis.com/google-code-archive/v2/code.google.com/closure-compiler/issues/issue-1144.json
109,7d26b7bcae8311f3c032bae3f1df27b590a4c174,2013-11-08 00:06:42 -0500,1105,https://storage.googleapis.com/google-code-archive/v2/code.google.com/closure-compiler/issues/issue-1105.json
110,13fb7fcbcad87f8df63535491627bf7b01471064,2013-10-24 10:53:13 -0400,1111,https://storage.googleapis.com/google-code-archive/v2/code.google.com/closure-compiler/issues/issue-1111.json
111,6f981f77e5bd9e2eecbd851a2a02933cdb9af0d8,2013-10-23 00:47:12 -0400,1114,https://storage.googleapis.com/google-code-archive/v2/code.google.com/closure-compiler/issues/issue-1114.json
112,b168c8822b2d3d12515ec6477812674c8805bcf3,2013-10-08 16:18:27 -0700,1058,https://storage.googleapis.com/google-code-archive/v2/code.google.com/closure-compiler/issues/issue-1058.json
113,0fb76a81bbdd8ab84a00b8be2099abfb83c88668,2013-10-04 16:50:10 -0700,1079,https://storage.googleapis.com/google-code-archive/v2/code.google.com/closure-compiler/issues/issue-1079.json
114,5f03c6817341d39d8dead76c7511fd6bb0b9009f,2013-10-03 18:21:15 -0700,1085,https://storage.googleapis.com/google-code-archive/v2/code.google.com/closure-compiler/issues/issue-1085.json
115,4597738e8898f738c1f969fe90479728be81cc80,2013-10-01 16:59:46 -0700,1101,https://storage.googleapis.com/google-code-archive/v2/code.google.com/closure-compiler/issues/issue-1101.json
116,b80dfd3b0e5e4b490b7afb469320d18bac4520b4,2013-10-01 16:59:25 -0700,1101,https://storage.googleapis.com/google-code-archive/v2/code.google.com/closure-compiler/issues/issue-1101.json
117,871bca1f36c5c06aa880ce21429da63a76f8f6e9,2013-08-30 18:12:50 -0400,1047,https://storage.googleapis.com/google-code-archive/v2/code.google.com/closure-compiler/issues/issue-1047.json
118,f17961ae4d3d7cf5ea291d82804239982d009ef7,2013-08-26 10:00:28 -0700,1024,https://storage.googleapis.com/google-code-archive/v2/code.google.com/closure-compiler/issues/issue-1024.json
119,046e0b226e963bc584c2a6cd3c2b471777c5cc53,2013-08-26 12:47:25 -0400,1070,https://storage.googleapis.com/google-code-archive/v2/code.google.com/closure-compiler/issues/issue-1070.json
120,0123fd5303c85d0d26add64aa2e19fee33f73aaa,2013-08-13 18:28:20 -0700,1053,https://storage.googleapis.com/google-code-archive/v2/code.google.com/closure-compiler/issues/issue-1053.json
121,2aee36e667526ff8b0b5e6dad66506acee920ea6,2013-08-12 16:08:47 -0700,1053,https://storage.googleapis.com/google-code-archive/v2/code.google.com/closure-compiler/issues/issue-1053.json
122,a8a456b183c9600658bcb0c72091bae1a30a4fda,2013-07-12 16:19:23 -0700,1037,https://storage.googleapis.com/google-code-archive/v2/code.google.com/closure-compiler/issues/issue-1037.json
123,8d11b8cc7a6183222b61c9bd398fed5448c59109,2013-06-28 16:09:36 -0700,1033,https://storage.googleapis.com/google-code-archive/v2/code.google.com/closure-compiler/issues/issue-1033.json
124,e7f4269d0289f4d47217207ec456219db8efe47c,2013-06-05 16:45:35 -0700,1017,https://storage.googleapis.com/google-code-archive/v2/code.google.com/closure-compiler/issues/issue-1017.json
125,8cef00180a5cf67d047919c89668a6405030dbab,2013-05-23 18:49:49 -0700,1002,https://storage.googleapis.com/google-code-archive/v2/code.google.com/closure-compiler/issues/issue-1002.json
126,bd2803b6d9ab600906b262ae51cb3591160b5f3c,2013-03-22 17:55:49 -0700,936,https://storage.googleapis.com/google-code-archive/v2/code.google.com/closure-compiler/issues/issue-936.json
127,211dc0161ae737f59cac22f30b048d56a059d14b,2013-03-22 17:55:47 -0700,936,https://storage.googleapis.com/google-code-archive/v2/code.google.com/closure-compiler/issues/issue-936.json
128,d82fb38b0121bf690cea58df293185c7e91ded9c,2013-03-20 09:48:28 -0700,942,https://storage.googleapis.com/google-code-archive/v2/code.google.com/closure-compiler/issues/issue-942.json
129,79a8906570f44e5f519282bd32595985ed089aed,2013-03-20 09:48:25 -0700,937,https://storage.googleapis.com/google-code-archive/v2/code.google.com/closure-compiler/issues/issue-937.json
130,9fac3ccd2fa9e6137584f079db1a6f5962a65cf4,2013-02-27 15:08:53 -0800,931,https://storage.googleapis.com/google-code-archive/v2/code.google.com/closure-compiler/issues/issue-931.json
131,7f6700e2b54af3af409f3e8851a0d98a72beef4b,2013-02-26 17:18:25 -0800,921,https://storage.googleapis.com/google-code-archive/v2/code.google.com/closure-compiler/issues/issue-921.json
132,5b9485903b5e7d926f49dc91b915a256df92591c,2013-02-25 10:05:04 -0800,925,https://storage.googleapis.com/google-code-archive/v2/code.google.com/closure-compiler/issues/issue-925.json
133,4fbbc47cb18f241b23dd2d4bf9c15d45b2473523,2013-02-21 14:37:42 -0800,919,https://storage.googleapis.com/google-code-archive/v2/code.google.com/closure-compiler/issues/issue-919.json
134,6d374c3ee4c9c2651ffb44048924e127fd2bf37c,2010-01-08 21:41:36 +0000,86,https://storage.googleapis.com/google-code-archive/v2/code.google.com/closure-compiler/issues/issue-86.json
135,d1f25380b5d74c5303533491e36ae4b33a50e2da,2010-02-05 18:31:28 +0000,59,https://storage.googleapis.com/google-code-archive/v2/code.google.com/closure-compiler/issues/issue-59.json
136,938f48a60c544f6b7bdb5d49006f654a51ca9a22,2010-03-16 22:53:04 +0000,103,https://storage.googleapis.com/google-code-archive/v2/code.google.com/closure-compiler/issues/issue-103.json
137,da30f170f29e983f014fb029fe5779bfd5d3b04f,2010-03-18 22:51:03 +0000,124,https://storage.googleapis.com/google-code-archive/v2/code.google.com/closure-compiler/issues/issue-124.json
138,1f5edbcd2b5b09ec59151137e643d9ce75ef1055,2010-03-18 23:07:23 +0000,124,https://storage.googleapis.com/google-code-archive/v2/code.google.com/closure-compiler/issues/issue-124.json
139,b347ce3a71e23a4ab92dc0a6c07d43e2f497c953,2010-03-22 22:55:34 +0000,33,https://storage.googleapis.com/google-code-archive/v2/code.google.com/closure-compiler/issues/issue-33.json
140,a70a7c599e53a7752cf4b9e6e82b4408c3c4c04b,2010-03-23 05:51:47 +0000,126,https://storage.googleapis.com/google-code-archive/v2/code.google.com/closure-compiler/issues/issue-126.json
141,3ce4716848eb71b6e78a4545a2cc0c27e74a29b3,2010-03-25 15:58:20 +0000,116,https://storage.googleapis.com/google-code-archive/v2/code.google.com/closure-compiler/issues/issue-116.json
142,c25df7eca2462861bf42ad8b74215099c3f81ae6,2010-04-06 06:58:16 +0000,58,https://storage.googleapis.com/google-code-archive/v2/code.google.com/closure-compiler/issues/issue-58.json
143,7eaa0d8eca2549742649af34671eaf3da83b5c08,2010-04-07 18:34:02 +0000,139,https://storage.googleapis.com/google-code-archive/v2/code.google.com/closure-compiler/issues/issue-139.json
144,465282f1ca28a208b06c47b55fd292d4631c55da,2010-06-23 00:19:37 +0000,143,https://storage.googleapis.com/google-code-archive/v2/code.google.com/closure-compiler/issues/issue-143.json
145,dff6e0114f19c20aeb63393d67aa0880ff5745b5,2010-06-25 23:56:52 +0000,190,https://storage.googleapis.com/google-code-archive/v2/code.google.com/closure-compiler/issues/issue-190.json
146,35d56dd1fadec0ed50797d222de4e05f78bbf1c9,2010-07-07 22:14:18 +0000,172,https://storage.googleapis.com/google-code-archive/v2/code.google.com/closure-compiler/issues/issue-172.json
147,82a9956c6337d2f5d4a94ebe624d64faa54d9182,2010-07-09 23:02:36 +0000,182,https://storage.googleapis.com/google-code-archive/v2/code.google.com/closure-compiler/issues/issue-182.json
148,f86b8929454da31fbc59cbf95293c7138e0b8200,2010-07-15 21:01:20 +0000,196,https://storage.googleapis.com/google-code-archive/v2/code.google.com/closure-compiler/issues/issue-196.json
149,053636cbd1a8fb97e55b4f82bc4b5bee8beaf47e,2010-08-06 02:38:20 +0000,205,https://storage.googleapis.com/google-code-archive/v2/code.google.com/closure-compiler/issues/issue-205.json
150,bf8fc4533884f914182f861576808e71c18410cc,2010-09-14 00:41:11 +0000,61,https://storage.googleapis.com/google-code-archive/v2/code.google.com/closure-compiler/issues/issue-61.json
151,fe58a5d1750bab2c5d1d0ef16102c1000e761bd8,2010-09-17 19:56:20 +0000,74,https://storage.googleapis.com/google-code-archive/v2/code.google.com/closure-compiler/issues/issue-74.json
152,de491e70b971caca03f07531c2caf97b878cd1ff,2010-10-28 02:03:31 +0000,268,https://storage.googleapis.com/google-code-archive/v2/code.google.com/closure-compiler/issues/issue-268.json
153,86caf52b53f53d8b83e9c1092f4b15ddeb6ca5bb,2010-12-09 20:58:52 +0000,290,https://storage.googleapis.com/google-code-archive/v2/code.google.com/closure-compiler/issues/issue-290.json
154,09ed556367fbe81b3003881dfacad643939664c0,2011-02-28 16:08:39 +0000,204,https://storage.googleapis.com/google-code-archive/v2/code.google.com/closure-compiler/issues/issue-204.json
155,ba0119710233a1be87c10c5e71424dc5922cc627,2011-03-26 00:16:46 +0000,378,https://storage.googleapis.com/google-code-archive/v2/code.google.com/closure-compiler/issues/issue-378.json
156,f39bbdd39c9ec2136f0a58a677bd2fdae77075a2,2011-03-29 23:46:31 +0000,389,https://storage.googleapis.com/google-code-archive/v2/code.google.com/closure-compiler/issues/issue-389.json
157,41acde3e8e5e8d37ade765b41d9fd29861f03e5e,2011-04-04 21:26:33 +0000,347,https://storage.googleapis.com/google-code-archive/v2/code.google.com/closure-compiler/issues/issue-347.json
158,fcccf543e85a214f0948d1ac5cab3fa05363e845,2011-04-06 18:16:30 +0000,407,https://storage.googleapis.com/google-code-archive/v2/code.google.com/closure-compiler/issues/issue-407.json
159,a4f32ed8acef2880288fe9559f8c60fba444bbe3,2011-04-14 17:48:58 +0000,423,https://storage.googleapis.com/google-code-archive/v2/code.google.com/closure-compiler/issues/issue-423.json
160,29312d9f6d01e6c1fce4da0a644881c83864549f,2011-05-27 17:34:04 +0000,467,https://storage.googleapis.com/google-code-archive/v2/code.google.com/closure-compiler/issues/issue-467.json
161,89441fcc27e2d7f36d7b2f3990bbc894235bb5b4,2011-08-02 19:34:59 +0000,522,https://storage.googleapis.com/google-code-archive/v2/code.google.com/closure-compiler/issues/issue-522.json
162,3395eb68a19a8492196df62fb9e38c814de80f08,2011-09-06 23:59:07 +0000,548,https://storage.googleapis.com/google-code-archive/v2/code.google.com/closure-compiler/issues/issue-548.json
163,f5bcee992bf149fa39f9eafc870ea2046d5809b4,2011-12-06 19:03:54 +0000,600,https://storage.googleapis.com/google-code-archive/v2/code.google.com/closure-compiler/issues/issue-600.json
164,e414f154d5c4dae483f251ebeb2d9ef598aaa0f6,2012-02-07 18:37:27 +0000,634,https://storage.googleapis.com/google-code-archive/v2/code.google.com/closure-compiler/issues/issue-634.json
165,61336bdc14f94b57ba58042f958c2a3227a55a3f,2012-05-21 15:58:30 +0000,725,https://storage.googleapis.com/google-code-archive/v2/code.google.com/closure-compiler/issues/issue-725.json
166,8d58355140bfdfbfc85c4629b90ed1d78225b520,2012-08-01 23:56:31 +0000,785,https://storage.googleapis.com/google-code-archive/v2/code.google.com/closure-compiler/issues/issue-785.json
167,d58006a939b740ea78dc61128065a6fdb8f303ca,2012-08-02 22:05:42 +0000,783,https://storage.googleapis.com/google-code-archive/v2/code.google.com/closure-compiler/issues/issue-783.json
168,b675d1da9d5f8b36849db4943f580969105901a4,2012-08-10 19:49:41 +0000,726,https://storage.googleapis.com/google-code-archive/v2/code.google.com/closure-compiler/issues/issue-726.json
169,ac239c7c53aa4d6c3105f600dec8af69da530883,2012-10-19 16:41:16 +0000,791,https://storage.googleapis.com/google-code-archive/v2/code.google.com/closure-compiler/issues/issue-791.json
170,49f54b28376a4ed5f72ec52d314020bd1f6cf3c6,2013-04-17 14:44:24 -0700,965,https://storage.googleapis.com/google-code-archive/v2/code.google.com/closure-compiler/issues/issue-965.json
171,6d38965a1e0a3a61435b9bebc91ff1ba0a64013a,2013-06-20 12:10:03 -0700,1023,https://storage.googleapis.com/google-code-archive/v2/code.google.com/closure-compiler/issues/issue-1023.json
172,ce86cc8e460060e1280f365f22ccd5c375e2f5ed,2013-07-15 16:08:34 -0700,1042,https://storage.googleapis.com/google-code-archive/v2/code.google.com/closure-compiler/issues/issue-1042.json
173,e96ce395944edfe9ba8e9de6b475cb64a7f8d626,2013-08-20 11:55:56 -0700,1062,https://storage.googleapis.com/google-code-archive/v2/code.google.com/closure-compiler/issues/issue-1062.json
174,d2b3ca66b6088c1c08437c120ae215d91d313b7c,2013-09-28 15:20:35 -0400,1103,https://storage.googleapis.com/google-code-archive/v2/code.google.com/closure-compiler/issues/issue-1103.json
175,038da2119223818ee1c56eaf600a583f755f9b30,2013-11-04 11:20:11 -0800,1101,https://storage.googleapis.com/google-code-archive/v2/code.google.com/closure-compiler/issues/issue-1101.json
176,aeed47f424d93d9ff82e0782fca53259829362b1,2013-11-19 01:13:39 -0500,1056,https://storage.googleapis.com/google-code-archive/v2/code.google.com/closure-compiler/issues/issue-1056.json
